yago,"http://dbpedia.org/class/yago/"
rdf,"http://www.w3.org/1999/02/22-rdf-syntax-ns#"
foaf,"http://xmlns.com/foaf/0.1/"
dbp,"http://dbpedia.org/property/"
owl,"http://www.w3.org/2002/07/owl#"
dc,"http://purl.org/dc/elements/1.1/"
rdfs,"http://www.w3.org/2000/01/rdf-schema#"
dbo,"http://dbpedia.org/ontology/"
rss,"http://purl.org/rss/1.0/"
sc,"http://umbel.org/umbel/sc/"
fb,"http://rdf.freebase.com/ns/"
geonames,"http://www.geonames.org/ontology#"
skos,"http://www.w3.org/2004/02/skos/core#"
geo,"http://www.w3.org/2003/01/geo/wgs84_pos#"
sioc,"http://rdfs.org/sioc/ns#"
cyc,"http://sw.opencyc.org/concept/"
akt,"http://www.aktors.org/ontology/portal#"
gr,"http://purl.org/goodrelations/v1#"
dbpedia,"http://dbpedia.org/resource/"
xsd,"http://www.w3.org/2001/XMLSchema#"
admin,"http://webns.net/mvcb/"
dcterms,"http://purl.org/dc/terms/"
swrc,"http://swrc.ontoware.org/ontology#"
commerce,"http://search.yahoo.com/searchmonkey/commerce/"
dbpprop,"http://dbpedia.org/property/"
dct,"http://purl.org/dc/terms/"
content,"http://purl.org/rss/1.0/modules/content/"
xhtml,"http://www.w3.org/1999/xhtml#"
doap,"http://usefulinc.com/ns/doap#"
gldp,"http://www.w3.org/ns/people#"
vcard,"http://www.w3.org/2006/vcard/ns#"
dc11,"http://purl.org/dc/elements/1.1/"
void,"http://rdfs.org/ns/void#"
gen,"http://www.w3.org/2006/gen/ont#"
bill,"http://www.rdfabout.com/rdf/schema/usbill/"
org,"http://www.w3.org/ns/org#"
wot,"http://xmlns.com/wot/0.1/"
test2,"http://this.invalid/test2#"
nie,"http://www.semanticdesktop.org/ontologies/2007/01/19/nie#"
d2rq,"http://www.wiwiss.fu-berlin.de/suhl/bizer/D2RQ/0.1#"
qb,"http://purl.org/linked-data/cube#"
og,"http://opengraphprotocol.org/schema/"
rel,"http://purl.org/vocab/relationship/"
drugbank,"http://www4.wiwiss.fu-berlin.de/drugbank/resource/drugbank/"
http,"http://www.w3.org/2006/http#"
factbook,"http://www4.wiwiss.fu-berlin.de/factbook/ns#"
vann,"http://purl.org/vocab/vann/"
mo,"http://purl.org/ontology/mo/"
dcmit,"http://purl.org/dc/dcmitype/"
bibo,"http://purl.org/ontology/bibo/"
cc,"http://creativecommons.org/ns#"
ex,"http://example.com/"
bio,"http://purl.org/vocab/bio/0.1/"
media,"http://search.yahoo.com/searchmonkey/media/"
book,"http://purl.org/NET/book/vocab#"
aiiso,"http://purl.org/vocab/aiiso/schema#"
earl,"http://www.w3.org/ns/earl#"
reco,"http://purl.org/reco#"
cld,"http://purl.org/cld/terms/"
dv,"http://rdf.data-vocabulary.org/#"
musim,"http://purl.org/ontology/similarity/"
air,"http://dig.csail.mit.edu/TAMI/2007/amord/air#"
cv,"http://rdfs.org/resume-rdf/"
ical,"http://www.w3.org/2002/12/cal/ical#"
dcq,"http://purl.org/dc/terms/"
xfn,"http://vocab.sindice.com/xfn#"
tag,"http://www.holygoat.co.uk/owl/redwood/0.1/tags/"
botany,"http://purl.org/NET/biol/botany#"
event,"http://purl.org/NET/c4dm/event.owl#"
rev,"http://purl.org/stuff/rev#"
osag,"http://www.ordnancesurvey.co.uk/ontology/AdministrativeGeography/v2.0/AdministrativeGeography.rdf#"
swc,"http://data.semanticweb.org/ns/swc/ontology#"
owlim,"http://www.ontotext.com/trree/owlim#"
days,"http://ontologi.es/days#"
ad,"http://schemas.talis.com/2005/address/schema#"
dir,"http://schemas.talis.com/2005/dir/schema#"
biblio,"http://purl.org/net/biblio#"
mu,"http://www.kanzaki.com/ns/music#"
afn,"http://jena.hpl.hp.com/ARQ/function#"
sd,"http://www.w3.org/ns/sparql-service-description#"
sism,"http://purl.oclc.org/NET/sism/0.1/"
cfp,"http://sw.deri.org/2005/08/conf/cfp.owl#"
log,"http://www.w3.org/2000/10/swap/log#"
rdfg,"http://www.w3.org/2004/03/trix/rdfg-1/"
memo,"http://ontologies.smile.deri.ie/2009/02/27/memo#"
wn20schema,"http://www.w3.org/2006/03/wn/wn20/schema/"
cs,"http://purl.org/vocab/changeset/schema#"
ctag,"http://commontag.org/ns#"
sider,"http://www4.wiwiss.fu-berlin.de/sider/resource/sider/"
xf,"http://www.w3.org/2002/xforms/"
fn,"http://www.w3.org/2005/xpath-functions#"
af,"http://purl.org/ontology/af/"
ome,"http://purl.org/ontomedia/core/expression#"
cal,"http://www.w3.org/2002/12/cal/ical#"
xhv,"http://www.w3.org/1999/xhtml/vocab#"
cmp,"http://www.ontologydesignpatterns.org/cp/owl/componency.owl#"
xs,"http://www.w3.org/2001/XMLSchema#"
swanq,"http://purl.org/swan/1.2/qualifiers/"
ok,"http://okkam.org/terms#"
co,"http://purl.org/ontology/co/core#"
dbr,"http://dbpedia.org/resource/"
giving,"http://ontologi.es/giving#"
dcn,"http://www.w3.org/2007/uwa/context/deliverycontext.owl#"
lomvoc,"http://ltsc.ieee.org/rdf/lomv1p0/vocabulary#"
math,"http://www.w3.org/2000/10/swap/math#"
cert,"http://www.w3.org/ns/auth/cert#"
rif,"http://www.w3.org/2007/rif#"
ir,"http://www.ontologydesignpatterns.org/cp/owl/informationrealization.owl#"
myspace,"http://purl.org/ontology/myspace#"
daia,"http://purl.org/ontology/daia/"
swande,"http://purl.org/swan/1.2/discourse-elements/"
sr,"http://www.openrdf.org/config/repository/sail#"
jdbc,"http://d2rq.org/terms/jdbc/"
movie,"http://data.linkedmdb.org/resource/movie/"
con,"http://www.w3.org/2000/10/swap/pim/contact#"
tzont,"http://www.w3.org/2006/timezone#"
nfo,"http://www.semanticdesktop.org/ontologies/2007/03/22/nfo#"
ac,"http://umbel.org/umbel/ac/"
po,"http://purl.org/ontology/po/"
pto,"http://www.productontology.org/id/"
akts,"http://www.aktors.org/ontology/support#"
uniprot,"http://purl.uniprot.org/core/"
rsa,"http://www.w3.org/ns/auth/rsa#"
sioct,"http://rdfs.org/sioc/types#"
ov,"http://open.vocab.org/terms/"
oo,"http://purl.org/openorg/"
daml,"http://www.daml.org/2001/03/daml+oil#"
frbr,"http://purl.org/vocab/frbr/core#"
wo,"http://purl.org/ontology/wo/"
pmlj,"http://inference-web.org/2.0/pml-justification.owl#"
usgov,"http://www.rdfabout.com/rdf/schema/usgovt/"
prv,"http://purl.org/net/provenance/ns#"
politico,"http://www.rdfabout.com/rdf/schema/politico/"
oauth,"http://demiblog.org/vocab/oauth#"
taxo,"http://purl.org/rss/1.0/modules/taxonomy/"
lfm,"http://purl.org/ontology/last-fm/"
wn,"http://xmlns.com/wordnet/1.6/"
scovo,"http://purl.org/NET/scovo#"
doac,"http://ramonantonio.net/doac/0.1/#"
omt,"http://purl.org/ontomedia/ext/common/trait#"
vote,"http://www.rdfabout.com/rdf/schema/vote/"
irrl,"http://www.ontologydesignpatterns.org/cp/owl/informationobjectsandrepresentationlanguages.owl#"
vs,"http://www.w3.org/2003/06/sw-vocab-status/ns#"
affy,"http://www.affymetrix.com/community/publications/affymetrix/tmsplice#"
mit,"http://purl.org/ontology/mo/mit#"
lgd,"http://linkedgeodata.org/ontology/"
wdrs,"http://www.w3.org/2007/05/powder-s#"
scot,"http://scot-project.org/scot/ns#"
dcat,"http://www.w3.org/ns/dcat#"
lastfm,"http://purl.org/ontology/last-fm/"
rep,"http://www.openrdf.org/config/repository#"
nao,"http://www.semanticdesktop.org/ontologies/2007/08/15/nao#"
spc,"http://purl.org/ontomedia/core/space#"
money,"http://purl.org/net/rdf-money/"
user,"http://schemas.talis.com/2005/user/schema#"
ore,"http://www.openarchives.org/ore/terms/"
lode,"http://linkedevents.org/ontology/"
coref,"http://www.rkbexplorer.com/ontologies/coref#"
atomix,"http://buzzword.org.uk/rdf/atomix#"
wordmap,"http://purl.org/net/ns/wordmap#"
lotico,"http://www.lotico.com/resource/"
fec,"http://www.rdfabout.com/rdf/schema/usfec/"
ya,"http://blogs.yandex.ru/schema/foaf/"
abc,"http://www.metadata.net/harmony/ABCSchemaV5Commented.rdf#"
acm,"http://www.semanticweb.org/ontologies/2012/acm.owl#"
loc,"http://www.w3.org/2007/uwa/context/location.owl#"
ti,"http://www.ontologydesignpatterns.org/cp/owl/timeinterval.owl#"
audio,"http://purl.org/media/audio#"
resex,"http://resex.rkbexplorer.com/ontologies/resex#"
code,"http://telegraphis.net/ontology/measurement/code#"
swrl,"http://www.w3.org/2003/11/swrl#"
omb,"http://purl.org/ontomedia/ext/common/being#"
sede,"http://eventography.org/sede/0.1/"
dctype,"http://purl.org/dc/dcmitype/"
imm,"http://schemas.microsoft.com/imm/"
powder,"http://www.w3.org/2007/05/powder#"
skosxl,"http://www.w3.org/2008/05/skos-xl#"
ecs,"http://rdf.ecs.soton.ac.uk/ontology/ecs#"
zoology,"http://purl.org/NET/biol/zoology#"
sv,"http://schemas.talis.com/2005/service/schema#"
video,"http://purl.org/media/video#"
meta,"http://www.openrdf.org/rdf/2009/metadata#"
granatum,"http://chem.deri.ie/granatum/"
kwijibo,"http://kwijibo.talis.com/"
es,"http://eulersharp.sourceforge.net/2003/03swap/log-rules#"
nco,"http://www.semanticdesktop.org/ontologies/2007/03/22/nco#"
lang,"http://ontologi.es/lang/core#"
courseware,"http://courseware.rkbexplorer.com/ontologies/courseware#"
lx,"http://purl.org/NET/lx#"
swrlb,"http://www.w3.org/2003/11/swrlb#"
omp,"http://purl.org/ontomedia/ext/common/profession#"
eztag,"http://ontologies.ezweb.morfeo-project.org/eztag/ns#"
wdr,"http://www.w3.org/2007/05/powder#"
protege,"http://protege.stanford.edu/system#"
rei,"http://www.w3.org/2004/06/rei#"
omc,"http://purl.org/ontomedia/ext/common/bestiary#"
airport,"http://www.daml.org/2001/10/html/airport-ont#"
myspo,"http://purl.org/ontology/myspace#"
spin,"http://spinrdf.org/spin#"
bio2rdf,"http://bio2rdf.org/"
os,"http://www.w3.org/2000/10/swap/os#"
rec,"http://purl.org/ontology/rec/core#"
p3p,"http://www.w3.org/2002/01/p3prdfv1#"
hard,"http://www.w3.org/2007/uwa/context/hardware.owl#"
irw,"http://www.ontologydesignpatterns.org/ont/web/irw.owl#"
dcam,"http://purl.org/dc/dcam/"
chord,"http://purl.org/ontology/chord/"
iswc,"http://annotation.semanticweb.org/2004/iswc#"
custom,"http://www.openrdf.org/config/sail/custom#"
smiley,"http://www.smileyontology.com/ns#"
spacerel,"http://data.ordnancesurvey.co.uk/ontology/spatialrelations/"
unit,"http://qudt.org/vocab/unit#"
lom,"http://ltsc.ieee.org/rdf/lomv1p0/lom#"
java,"http://www.w3.org/2007/uwa/context/java.owl#"
sit,"http://www.ontologydesignpatterns.org/cp/owl/situation.owl#"
umbel,"http://umbel.org/umbel#"
doc,"http://www.w3.org/2000/10/swap/pim/doc#"
osoc,"http://web-semantics.org/ns/opensocial#"
doclist,"http://www.junkwork.net/xml/DocumentList#"
nrl,"http://www.semanticdesktop.org/ontologies/2007/08/15/nrl#"
acc,"http://purl.org/NET/acc#"
osgb,"http://data.ordnancesurvey.co.uk/id/"
music,"http://musicontology.com/"
fresnel,"http://www.w3.org/2004/09/fresnel#"
sail,"http://www.openrdf.org/config/sail#"
dailymed,"http://www4.wiwiss.fu-berlin.de/dailymed/resource/dailymed/"
ptr,"http://www.w3.org/2009/pointers#"
hlisting,"http://sindice.com/hlisting/0.1/"
meetup,"http://www.lotico.com/meetup/"
ne,"http://umbel.org/umbel/ne/"
link,"http://www.w3.org/2006/link#"
spl,"http://spinrdf.org/spl#"
lingvoj,"http://www.lingvoj.org/ontology#"
test,"http://test2.example.com/"
ibis,"http://purl.org/ibis#"
atom,"http://www.w3.org/2005/Atom/"
h5,"http://buzzword.org.uk/rdf/h5#"
prj,"http://purl.org/stuff/project/"
acl,"http://www.w3.org/ns/auth/acl#"
ping,"http://purl.org/net/pingback/"
sp,"http://spinrdf.org/sp#"
ncal,"http://www.semanticdesktop.org/ontologies/2007/04/02/ncal#"
formats,"http://www.w3.org/ns/formats/"
lifecycle,"http://purl.org/vocab/lifecycle/schema#"
net,"http://www.w3.org/2007/uwa/context/network.owl#"
wnschema,"http://www.cogsci.princeton.edu/~wn/schema/"
exif,"http://www.w3.org/2003/12/exif/ns#"
resist,"http://www.rkbexplorer.com/ontologies/resist#"
tdb,"http://jena.hpl.hp.com/2008/tdb#"
sml,"http://topbraid.org/sparqlmotionlib#"
time,"http://www.w3.org/2006/time#"
space,"http://purl.org/net/schemas/space/"
tl,"http://purl.org/NET/c4dm/timeline.owl#"
phss,"http://ns.poundhill.com/phss/1.0/"
omm,"http://purl.org/ontomedia/core/media#"
lfn,"http://www.dotnetrdf.org/leviathan#"
sm,"http://topbraid.org/sparqlmotion#"
wv,"http://vocab.org/waiver/terms/"
list,"http://www.w3.org/2000/10/swap/list#"
biol,"http://purl.org/NET/biol/ns#"
nmo,"http://www.semanticdesktop.org/ontologies/2007/03/22/nmo#"
moat,"http://moat-project.org/ns#"
sdl,"http://purl.org/vocab/riro/sdl#"
tmo,"http://www.semanticdesktop.org/ontologies/2008/05/20/tmo#"
xhe,"http://buzzword.org.uk/rdf/xhtml-elements#"
xen,"http://buzzword.org.uk/rdf/xen#"
trackback,"http://madskills.com/public/xml/rss/module/trackback/"
common,"http://www.w3.org/2007/uwa/context/common.owl#"
swanqs,"http://purl.org/swan/1.2/qualifiers/"
contact,"http://www.w3.org/2000/10/swap/pim/contact#"
qdoslf,"http://foaf.qdos.com/lastfm/schema/"
dcmitype,"http://purl.org/dc/dcmitype/"
label,"http://purl.org/net/vocab/2004/03/label#"
swandr,"http://purl.org/swan/1.2/discourse-relationships/"
smf,"http://topbraid.org/sparqlmotionfunctions#"
swp,"http://www.w3.org/2004/03/trix/swp-2/"
nexif,"http://www.semanticdesktop.org/ontologies/2007/05/10/nexif#"
pr,"http://ontologi.es/profiling#"
gold,"http://purl.org/linguistics/gold/"
pmlp,"http://inference-web.org/2.0/pml-provenance.owl#"
swh,"http://plugin.org.uk/swh-plugins/"
ire,"http://www.ontologydesignpatterns.org/cpont/ire.owl#"
oat,"http://openlinksw.com/schemas/oat/"
climb,"http://climb.dataincubator.org/vocabs/climb/"
web,"http://www.w3.org/2007/uwa/context/web.owl#"
fed,"http://www.openrdf.org/config/sail/federation#"
product,"http://purl.org/commerce/product#"
lt,"http://diplomski.nelakolundzija.org/LTontology.rdf#"
dbpediaowl,"http://dbpedia.org/ontology/"
bsbm,"http://www4.wiwiss.fu-berlin.de/bizer/bsbm/v01/vocabulary/"
sesame,"http://www.openrdf.org/schema/sesame#"
pmt,"http://tipsy.googlecode.com/svn/trunk/vocab/pmt#"
opensearch,"http://a9.com/-/spec/opensearch/1.1/"
tags,"http://www.holygoat.co.uk/owl/redwood/0.1/tags/"
gpt,"http://purl.org/vocab/riro/gpt#"
cycann,"http://sw.cyc.com/CycAnnotations_v1#"
frbre,"http://purl.org/vocab/frbr/extended#"
imreg,"http://www.w3.org/2004/02/image-regions#"
opm,"http://openprovenance.org/ontology#"
am,"http://vocab.deri.ie/am#"
wgs84,"http://www.w3.org/2003/01/geo/wgs84_pos#"
soft,"http://www.w3.org/2007/uwa/context/software.owl#"
ddc,"http://purl.org/NET/decimalised#"
sim,"http://purl.org/ontology/similarity/"
gob,"http://purl.org/ontology/last-fm/"
conserv,"http://conserv.deri.ie/ontology#"
resource,"http://purl.org/vocab/resourcelist/schema#"
ddl,"http://purl.org/vocab/riro/ddl#"
crypto,"http://www.w3.org/2000/10/swap/crypto#"
states,"http://www.w3.org/2005/07/aaa#"
like,"http://ontologi.es/like#"
dummy,"http://hello.com/"
sl,"http://www.semanlink.net/2001/00/semanlink-schema#"
nid3,"http://www.semanticdesktop.org/ontologies/2007/05/10/nid3#"
wisski,"http://wiss-ki.eu/"
xforms,"http://www.w3.org/2002/xforms/"
xesam,"http://freedesktop.org/standards/xesam/1.0/core#"
rdfa,"http://www.w3.org/ns/rdfa#"
urn,"http://fliqz.com/"
push,"http://www.w3.org/2007/uwa/context/push.owl#"
mf,"http://poshrdf.org/ns/mf#"
xl,"http://langegger.at/xlwrap/vocab#"
pimo,"http://www.semanticdesktop.org/ontologies/2007/11/01/pimo#"
so,"http://purl.org/ontology/symbolic-music/"
psych,"http://purl.org/vocab/psychometric-profile/"
grddl,"http://www.w3.org/2003/g/data-view#"
swanag,"http://purl.org/swan/1.2/agents/"
dcterm,"http://purl.org/dc/terms/"
pmlr,"http://inference-web.org/2.0/pml-relation.owl#"
obj,"http://www.openrdf.org/rdf/2009/object#"
mysql,"http://web-semantics.org/ns/mysql/"
play,"http://uriplay.org/spec/ontology/#"
dady,"http://purl.org/NET/dady#"
xhtmlvocab,"http://www.w3.org/1999/xhtml/vocab/"
sysont,"http://ns.ontowiki.net/SysOnt/"
cnt,"http://www.w3.org/2008/content#"
geographis,"http://telegraphis.net/ontology/geography/geography#"
wgs,"http://www.w3.org/2003/01/geo/wgs84_pos#"
coin,"http://purl.org/court/def/2009/coin#"
bibtex,"http://purl.oclc.org/NET/nknouf/ns/bibtex#"
evset,"http://dsnotify.org/vocab/eventset/0.1/"
scv,"http://purl.org/NET/scovo#"
puc,"http://purl.org/NET/puc#"
plink,"http://buzzword.org.uk/rdf/personal-link-types#"
c4n,"http://vocab.deri.ie/c4n#"
profiling,"http://ontologi.es/profiling#"
uri,"http://purl.org/NET/uri#"
wairole,"http://www.w3.org/2005/01/wai-rdf/GUIRoleTaxonomy#"
swivt,"http://semantic-mediawiki.org/swivt/1.0#"
game,"http://data.totl.net/game/"
swanpav,"http://purl.org/swan/1.2/pav/"
bib,"http://zeitkunst.org/bibtex/0.1/bibtex.owl#"
ttl,"http://www.w3.org/2008/turtle#"
string,"http://www.w3.org/2000/10/swap/string#"
tripfs,"http://purl.org/tripfs/2010/02#"
swanco,"http://purl.org/swan/1.2/swan-commons/"
okkam,"http://models.okkam.org/ENS-core-vocabulary#"
swanci,"http://purl.org/swan/1.2/citations/"
status,"http://ontologi.es/status#"
pc,"http://purl.org/procurement/public-contracts#"
dbpp,"http://dbpedia.org/property/"
ref,"http://purl.org/vocab/relationship/"
evopat,"http://ns.aksw.org/Evolution/"
opo,"http://online-presence.net/opo/ns#"
cco,"http://purl.org/ontology/cco/core#"
isq,"http://purl.org/ontology/is/quality/"
ldap,"http://purl.org/net/ldap/"
oc,"http://opencoinage.org/rdf/"
awol,"http://bblfish.net/work/atom-owl/2006-06-06/#"
ezcontext,"http://ontologies.ezweb.morfeo-project.org/ezcontext/ns#"
rooms,"http://vocab.deri.ie/rooms#"
olo,"http://purl.org/ontology/olo/core#"
txn,"http://lod.taxonconcept.org/ontology/txn.owl#"
lark1,"http://users.utcluj.ro/~raluca/ontology/Ontology1279614123500.owl#"
compass,"http://purl.org/net/compass#"
timeline,"http://purl.org/NET/c4dm/timeline.owl#"
ist,"http://purl.org/ontology/is/types/"
tarot,"http://data.totl.net/tarot/card/"
sparql,"http://www.openrdf.org/config/repository/sparql#"
meteo,"http://purl.org/ns/meteo#"
anca,"http://users.utcluj.ro/~raluca/rdf_ontologies_ralu/ralu_modified_ontology_pizzas2_0#"
wlp,"http://weblab-project.org/core/model/property/processing/"
isi,"http://purl.org/ontology/is/inst/"
prov,"http://www.w3.org/ns/prov#"
ct,"http://data.linkedct.org/resource/linkedct/"
pmlt,"http://inference-web.org/2.0/pml-trust.owl#"
aifb,"http://www.aifb.kit.edu/id/"
dayta,"http://dayta.me/resource#"
swid,"http://semanticweb.org/id/"
prot,"http://www.proteinontology.info/po.owl#"
xbrli,"http://www.xbrl.org/2003/instance#"
wgspos,"http://www.w3.org/2003/01/geo/wgs84_pos#"
kb,"http://deductions.sf.net/ontology/knowledge_base.owl#"
sdmx,"http://purl.org/linked-data/sdmx#"
ufmedia,"http://purl.org/microformat/hmedia/"
whois,"http://www.kanzaki.com/ns/whois#"
opmv,"http://purl.org/net/opmv/ns#"
remus,"http://www.semanticweb.org/ontologies/2010/6/Ontology1279614123500.owl#"
copyright,"http://rhizomik.net/ontologies/2008/05/copyrightonto.owl#"
freebase,"http://rdf.freebase.com/ns/"
dnr,"http://www.dotnetrdf.org/configuration#"
geoes,"http://geo.linkeddata.es/resource/"
sawsdl,"http://www.w3.org/ns/sawsdl#"
cos,"http://www.inria.fr/acacia/corese#"
pdo,"http://ontologies.smile.deri.ie/pdo#"
ean,"http://openean.kaufkauf.net/id/"
eu,"http://eulersharp.sourceforge.net/2003/03swap/log-rules#"
biocore,"http://bio2rdf.org/core:"
xtypes,"http://purl.org/xtypes/"
hcterms,"http://purl.org/uF/hCard/terms/"
sioca,"http://rdfs.org/sioc/actions#"
nsa,"http://multimedialab.elis.ugent.be/organon/ontologies/ninsuna#"
rulz,"http://purl.org/NET/rulz#"
postcode,"http://data.ordnancesurvey.co.uk/id/postcodeunit/"
act,"http://www.w3.org/2007/rif-builtin-action#"
search,"http://sindice.com/vocab/search#"
is,"http://purl.org/ontology/is/core#"
opus,"http://lsdis.cs.uga.edu/projects/semdis/opus#"
dgfoaf,"http://west.uni-koblenz.de/ontologies/2010/07/dgfoaf.owl#"
gridworks,"http://purl.org/net/opmv/types/gridworks#"
derecho,"http://purl.org/derecho#"
conv,"http://purl.org/twc/vocab/conversion/"
loticoowl,"http://www.lotico.com/ontology/"
languages,"http://eulersharp.sourceforge.net/2003/03swap/languages#"
ao,"http://purl.org/ontology/ao/core#"
geospecies,"http://rdf.geospecies.org/ont/geospecies#"
yoda,"http://purl.org/NET/yoda#"
pgterms,"http://www.gutenberg.org/2009/pgterms/"
dblp,"http://www4.wiwiss.fu-berlin.de/dblp/terms.rdf#"
posh,"http://poshrdf.org/ns/posh/"
gv,"http://rdf.data-vocabulary.org/#"
bookmark,"http://www.w3.org/2002/01/bookmark#"
countries,"http://eulersharp.sourceforge.net/2003/03swap/countries#"
room,"http://vocab.deri.ie/rooms#"
session,"http://redfoot.net/2005/session#"
organism,"http://eulersharp.sourceforge.net/2003/03swap/organism#"
linkedct,"http://data.linkedct.org/vocab/"
com,"http://purl.org/commerce#"
go,"http://www.geneontology.org/go#"
nt,"http://ns.inria.fr/nicetag/2010/09/09/voc#"
tripfs2,"http://purl.org/tripfs/2010/06#"
crm,"http://erlangen-crm.org/current/"
rail,"http://ontologi.es/rail/vocab#"
eg,"http://eulergui.sourceforge.net/engine.owl#"
commons,"http://commons.psi.enakting.org/def/"
ma,"http://www.w3.org/ns/ma-ont#"
protons,"http://proton.semanticweb.org/2005/04/protons#"
human,"http://eulersharp.sourceforge.net/2003/03swap/human#"
oboro,"http://obofoundry.org/ro/ro.owl#"
fab,"http://purl.org/fab/ns#"
organiz,"http://eulersharp.sourceforge.net/2003/03swap/organization#"
httph,"http://www.w3.org/2007/ont/httph#"
drug,"http://www.agfa.com/w3c/2009/drugTherapy#"
healthcare,"http://www.agfa.com/w3c/2009/healthCare#"
wordnet,"http://purl.org/vocabularies/princeton/wordnet/schema#"
gn,"http://www.geonames.org/ontology#"
rnews,"http://iptc.org/std/rNews/2011-10-07#"
pbo,"http://purl.org/ontology/pbo/core#"
w3p,"http://prov4j.org/w3p/"
toby,"http://tobyinkster.co.uk/#"
r2r,"http://www4.wiwiss.fu-berlin.de/bizer/r2r/"
nocal,"http://vocab.deri.ie/nocal#"
tio,"http://purl.org/tio/ns#"
rr,"http://www.w3.org/ns/r2rml#"
provenir,"http://knoesis.wright.edu/provenir/provenir.owl#"
events,"http://eulersharp.sourceforge.net/2003/03swap/event#"
odp,"http://ontologydesignpatterns.org/"
cito,"http://purl.org/net/cito/"
elog,"http://eulersharp.sourceforge.net/2003/03swap/log-rules#"
enc,"http://www.w3.org/2001/04/xmlenc#"
pobo,"http://purl.obolibrary.org/obo/"
geodata,"http://sws.geonames.org/"
dul,"http://www.loa-cnr.it/ontologies/DUL.owl#"
lp,"http://launchpad.net/rdf/launchpad#"
core,"http://vivoweb.org/ontology/core#"
esd,"http://def.esd.org.uk/"
agents,"http://eulersharp.sourceforge.net/2003/03swap/agent#"
humanbody,"http://eulersharp.sourceforge.net/2003/03swap/humanBody#"
phil,"http://philosurfical.open.ac.uk/ontology/philosurfical.owl/"
xfnv,"http://vocab.sindice.com/xfn#"
sindice,"http://vocab.sindice.net/"
dbprop,"http://dbpedia.org/property/"
malignneo,"http://www.agfa.com/w3c/2009/malignantNeoplasm#"
webtlab,"http://webtlab.it.uc3m.es/"
lvont,"http://lexvo.org/ontology#"
units,"http://eulersharp.sourceforge.net/2003/03swap/unitsExtension#"
linkedmdb,"http://data.linkedmdb.org/sparql/"
genab,"http://eulersharp.sourceforge.net/2003/03swap/genomeAbnormality#"
quak,"http://dev.w3.org/cvsweb/2000/quacken/vocab#"
ass,"http://uptheasset.org/ontology#"
nndsr,"http://semanticdiet.com/schema/usda/nndsr/"
muo,"http://purl.oclc.org/NET/muo/muo#"
edm,"http://www.europeana.eu/schemas/edm/"
vso,"http://purl.org/vso/ns#"
req,"http://ns.softwiki.de/req/"
bioskos,"http://eulersharp.sourceforge.net/2003/03swap/bioSKOSSchemes#"
agetec,"http://www.agetec.org/"
zbwext,"http://zbw.eu/namespaces/zbw-extensions/"
conversion,"http://purl.org/twc/vocab/conversion/"
gd,"http://rdf.data-vocabulary.org/#"
ps,"http://purl.org/payswarm#"
agent,"http://eulersharp.sourceforge.net/2003/03swap/agent#"
sport,"http://www.bbc.co.uk/ontologies/sport/"
prism,"http://prismstandard.org/namespaces/basic/2.0/"
xds,"http://www.w3.org/2001/XMLSchema#"
aair,"http://xmlns.notu.be/aair#"
xsl,"http://www.w3.org/1999/XSL/Transform#"
hospital,"http://www.agfa.com/w3c/2009/hospital#"
xro,"http://www.stalsoft.com/ontologies/xro/ns#"
lgdo,"http://linkedgeodata.org/ontology/"
opwn,"http://www.ontologyportal.org/WordNet.owl#"
hemogram,"http://www.agfa.com/w3c/2009/hemogram#"
prvr,"http://purl.org/ontology/prv/rules#"
care,"http://eulersharp.sourceforge.net/2003/03swap/care#"
payment,"http://reference.data.gov.uk/def/payment#"
schema,"http://schema.org/"
cordis,"http://www4.wiwiss.fu-berlin.de/cordis/resource/cordis/"
quantities,"http://eulersharp.sourceforge.net/2003/03swap/quantitiesExtension#"
ceo,"http://www.ebusiness-unibw.org/ontologies/consumerelectronics/v1#"
openlinks,"http://www.openlinksw.com/schemas/virtrdf#"
uni,"http://purl.org/weso/uni/uni.html#"
pom,"http://maven.apache.org/POM/4.0.0#"
eat,"http://www.awesomesauce.net/urmom/"
admingeo,"http://data.ordnancesurvey.co.uk/ontology/admingeo/"
c4o,"http://purl.org/spar/c4o/"
govwild,"http://govwild.org/ontology/GWOntology.owl#"
ui,"http://www.w3.org/ns/ui#"
theatre,"http://purl.org/theatre#"
address,"http://schemas.talis.com/2005/address/schema#"
cpm,"http://catalogus-professorum.org/cpm/"
lod2,"http://lod2.eu/schema/"
umbelrc,"http://umbel.org/umbel/rc/"
cube,"http://purl.org/linked-data/cube#"
lib,"http://schemas.talis.com/2005/library/schema#"
prvtypes,"http://purl.org/net/provenance/types#"
wao,"http://webtlab.it.uc3m.es/2010/10/WebAppsOntology#"
card,"http://www.ashutosh.com/test/"
wai,"http://purl.org/wai#"
tei,"http://www.tei-c.org/ns/1.0/"
hartigprov,"http://purl.org/net/provenance/ns#"
transmed,"http://www.w3.org/2001/sw/hcls/ns/transmed/"
ro,"http://purl.org/obo/owl/ro#"
gelo,"http://krauthammerlab.med.yale.edu/ontologies/gelo#"
clinproc,"http://www.agfa.com/w3c/2009/clinicalProcedure#"
decl,"http://www.linkedmodel.org/1.0/schema/decl#"
prissma,"http://ns.inria.fr/prissma/v1#"
environ,"http://eulersharp.sourceforge.net/2003/03swap/environment#"
voaf,"http://mondeca.com/foaf/voaf#"
coeus,"http://bioinformatics.ua.pt/coeus/"
span,"http://www.ifomis.org/bfo/1.1/span#"
sig,"http://purl.org/signature#"
db,"http://dbpedia.org/"
infection,"http://www.agfa.com/w3c/2009/infectiousDisorder#"
semtweet,"http://semantictweet.com/"
ccard,"http://purl.org/commerce/creditcard#"
scsv,"http://purl.org/NET/schema-org-csv#"
dgtwc,"http://data-gov.tw.rpi.edu/2009/data-gov-twc.rdf#"
hints2005,"http://purl.org/twc/cabig/model/HINTS2005-1.owl#"
zem,"http://s.zemanta.com/ns#"
wf,"http://www.w3.org/2005/01/wf/flow#"
scowt,"http://purl.org/weso/ontologies/scowt#"
obo,"http://purl.obolibrary.org/obo/"
clineva,"http://www.agfa.com/w3c/2009/clinicalEvaluation#"
arch,"http://purl.org/archival/vocab/arch#"
aneo,"http://akonadi-project.org/ontologies/aneo#"
sco,"http://purl.org/ontology/sco#"
ccom,"http://purl.org/ontology/cco/mappings#"
res,"http://www.w3.org/2005/sparql-results#"
p20,"http://zbw.eu/beta/p20/vocab/"
disease,"http://www.agfa.com/w3c/2009/humanDisorder#"
olia,"http://purl.org/olia/olia.owl#"
out,"http://ontologies.hypios.com/out#"
spatial,"http://geovocab.org/spatial#"
eco,"http://www.ebusiness-unibw.org/ontologies/eclass/5.1.4/#"
pos,"http://www.w3.org/2003/01/geo/wgs84_pos#"
atomowl,"http://bblfish.net/work/atom-owl/2006-06-06/#"
skip,"http://skipforward.net/skipforward/resource/"
cpv,"http://purl.org/weso/cpv/"
voag,"http://voag.linkedmodel.org/schema/voag#"
bcnnorms,"http://datos.bcn.cl/ontologies/bcn-norms#"
vcard2006,"http://www.w3.org/2006/vcard/ns#"
campsite,"http://www.openlinksw.com/campsites/schema#"
dtype,"http://www.linkedmodel.org/schema/dtype#"
edam,"http://purl.bioontology.org/ontology/EDAM/"
sioctypes,"http://rdfs.org/sioc/types#"
owls,"http://www.daml.org/services/owl-s/1.2/Service.owl#"
soap,"http://www.w3.org/2003/05/soap-envelope/"
vaem,"http://www.linkedmodel.org/schema/vaem#"
gc,"http://www.oegov.org/core/owl/gc#"
cmo,"http://purl.org/twc/ontologies/cmo.owl#"
httpvoc,"http://www.w3.org/2006/http#"
diseasome,"http://www4.wiwiss.fu-berlin.de/diseasome/resource/diseasome/"
rv,"http://wifo-ravensburg.de/semanticweb.rdf#"
saxon,"http://saxon.sf.net/"
gml,"http://www.opengis.net/gml/"
ann,"http://www.w3.org/2000/10/annotation-ns#"
mte,"http://nl.ijs.si/ME/owl/"
rdfdf,"http://www.openlinksw.com/virtrdf-data-formats#"
iron,"http://purl.org/ontology/iron#"
sio,"http://semanticscience.org/resource/"
ngeo,"http://geovocab.org/geometry#"
rich,"http://rdf.data-vocabulary.org/"
hcard,"http://purl.org/uF/hCard/terms/"
mtecore,"http://purl.org/olia/mte/multext-east.owl#"
vitro,"http://vitro.mannlib.cornell.edu/ns/vitro/public#"
telmap,"http://purl.org/telmap/"
s4ac,"http://ns.inria.fr/s4ac/v2#"
rdo,"http://purl.org/rdo/ns#"
govtrackus,"http://www.rdfabout.com/rdf/usgov/geo/us/"
pns,"http://data.press.net/ontology/stuff/"
ppo,"http://vocab.deri.ie/ppo#"
name,"http://example.org/name#"
prog,"http://purl.org/prog/"
vsto,"http://escience.rpi.edu/ontology/vsto/2/0/vsto.owl#"
biordf,"http://purl.org/net/biordfmicroarray/ns#"
fct,"http://openlinksw.com/services/facets/1.0/"
oper,"http://sweet.jpl.nasa.gov/2.0/mathOperation.owl#"
steel,"http://ontorule-project.eu/resources/steel-30#"
nytimes,"http://data.nytimes.com/elements/"
mei,"http://www.music-encoding.org/ns/mei/"
greg,"http://kasei.us/about/foaf.xrdf#"
kw,"http://kwantu.net/kw/"
uta,"http://uptheasset.org/ontology#"
wm,"http://ns.inria.fr/webmarks#"
vivo,"http://vivoweb.org/ontology/core#"
skiresort,"http://www.openlinksw.com/ski_resorts/schema#"
oboso,"http://purl.org/obo/owl/SO#"
gazetteer,"http://data.ordnancesurvey.co.uk/ontology/50kGazetteer/"
iao,"http://purl.obolibrary.org/obo/iao.owl#"
teach,"http://linkedscience.org/teach/ns#"
ms,"http://purl.org/obo/owl/MS#"
place,"http://purl.org/ontology/places/"
fabio,"http://purl.org/spar/fabio#"
s3db,"http://www.s3db.org/core#"
shv,"http://ns.aksw.org/spatialHierarchy/"
eye,"http://jena.hpl.hp.com/Eyeball#"
rdb,"http://www.dbs.cs.uni-duesseldorf.de/RDF/relational#"
coo,"http://purl.org/coo/ns#"
fingal,"http://vocab.deri.ie/fingal#"
lodac,"http://lod.ac/ns/lodac#"
re,"http://www.w3.org/2000/10/swap/reason#"
qudt,"http://qudt.org/1.1/schema/qudt#"
aims,"http://aims.fao.org/aos/common/"
lgv,"http://linkedgeodata.org/ontology/"
aapi,"http://rdf.alchemyapi.com/rdf/v1/s/aapi-schema#"
tmpl,"http://purl.org/restdesc/http-template#"
sec,"http://purl.org/security#"
eui,"http://institutions.publicdata.eu/#"
w3con,"http://www.w3.org/2000/10/swap/pim/contact#"
ogp,"http://ogp.me/ns#"
telix,"http://purl.org/telix#"
visko,"http://trust.utep.edu/visko/ontology/visko-operator-v3.owl#"
owlse,"http://www.daml.org/services/owl-s/1.2/generic/Expression.owl#"
str,"http://nlp2rdf.lod2.eu/schema/string/"
gesis,"http://lod.gesis.org/lodpilot/ALLBUS/vocab.rdf#"
dawgt,"http://www.w3.org/2001/sw/DataAccess/tests/test-dawg#"
artstor,"http://simile.mit.edu/2003/10/ontologies/artstor#"
jita,"http://aims.fao.org/aos/jita/"
vcardx,"http://buzzword.org.uk/rdf/vcardx#"
water,"http://escience.rpi.edu/ontology/semanteco/2/0/water.owl#"
overheid,"http://standaarden.overheid.nl/owms/"
kontakt,"http://richard.cyganiak.de/"
cvbase,"http://purl.org/captsolo/resume-rdf/0.2/base#"
obs,""
geovocab,"http://geovocab.org/"
cheminf,"http://www.semanticweb.org/ontologies/cheminf.owl#"
rating,"http://www.tvblob.com/ratings/#"
xt,"http://purl.org/twc/vocab/cross-topix#"
htir,"http://www.w3.org/2011/http#"
xch,"http://oanda2rdf.appspot.com/xch/"
psh,"http://psh.techlib.cz/skos/"
frbrcore,"http://purl.org/vocab/frbr/core#"
bcngeo,"http://datos.bcn.cl/ontologies/bcn-geographics#"
sso,"http://nlp2rdf.lod2.eu/schema/sso/"
wikipedia,"http://www.systemone.at/2006/03/wikipedia#"
rpubl,"http://rinfo.lagrummet.se/ns/2008/11/rinfo/publ#"
mygrid,"http://www.mygrid.org.uk/ontology#"
frir,"http://purl.org/twc/ontology/frir.owl#"
viskov,"http://trust.utep.edu/visko/ontology/visko-view-v3.owl#"
georss,"http://www.georss.org/georss/"
pf,"http://jena.hpl.hp.com/ARQ/property#"
ocd,"http://dati.camera.it/ocd/"
places,"http://purl.org/ontology/places#"
infosys,"http://www.infosys.com/"
cdm,"http://purl.org/twc/ontology/cdm.owl#"
b2rpubchem,"http://bio2rdf.org/ns/ns/ns/pubchem#"
datafaqs,"http://purl.org/twc/vocab/datafaqs#"
gbv,"http://purl.org/ontology/gbv/"
dwc,"http://rs.tdwg.org/dwc/terms/"
pois,"http://purl.oclc.org/POIS/vcblr#"
vdpp,"http://data.lirmm.fr/ontologies/vdpp#"
wfdesc,"http://purl.org/wf4ever/wfdesc#"
madsrdf,"http://www.loc.gov/mads/rdf/v1#"
gnd,"http://d-nb.info/gnd/"
fc,"http://www.freeclass.eu/freeclass_v1#"
daiaserv,"http://purl.org/ontology/daia/Service/"
nsogi,"http://prefix.cc/nsogi:"
chebi,"http://bio2rdf.org/chebi:"
acco,"http://purl.org/acco/ns#"
italy,"http://data.kasabi.com/dataset/italy/schema/"
identity,"http://purl.org/twc/ontologies/identity.owl#"
transit,"http://vocab.org/transit/terms/"
viskoo,"http://trust.utep.edu/visko/ontology/visko-operator-v3.owl#"
rdfdata,"http://rdf.data-vocabulary.org/rdf.xml#"
c4dm,"http://purl.org/NET/c4dm/event.owl#"
arecipe,"http://purl.org/amicroformat/arecipe/"
eunis,"http://eunis.eea.europa.eu/rdf/species-schema.rdf#"
harrisons,"http://harrisons.cc/"
bcnbio,"http://datos.bcn.cl/ontologies/bcn-biographies#"
dbptmpl,"http://dbpedia.org/resource/Template:"
sdmxdim,"http://purl.org/linked-data/sdmx/2009/dimension#"
calli,"http://callimachusproject.org/rdf/2009/framework#"
example,"http://www.example.org/rdf#"
protegedc,"http://protege.stanford.edu/plugins/owl/dc/protege-dc.owl#"
cbase,"http://ontologycentral.com/2010/05/cb/vocab#"
moby,"http://www.mygrid.org.uk/mygrid-moby-service#"
grs,"http://www.georss.org/georss/"
blt,"http://data.bl.uk/schema/bibliographic#"
recipe,"http://linkedrecipes.org/schema/"
nuts,"http://nuts.psi.enakting.org/id/BE335/doc/"
np,"http://www.nanopub.org/nschema#"
bcncon,"http://datos.bcn.cl/ontologies/bcn-congress#"
prf,"http://www.openmobilealliance.org/tech/profiles/UAPROF/ccppschema-20021212#"
wp,"http://vocabularies.wikipathways.org/"
efo,"http://www.ebi.ac.uk/efo/"
osukdt,"http://www.ordnancesurvey.co.uk/ontology/Datatypes.owl#"
d2r,"http://sites.wiwiss.fu-berlin.de/suhl/bizer/d2r-server/config.rdf#"
swpatho,"http://swpatho.ag-nbi.de/context/meta.owl#"
wsc,"http://www.openk.org/wscaim.owl#"
eprints,"http://eprints.org/ontology/"
vvo,"http://purl.org/vvo/ns#"
library,"http://purl.org/library/"
muto,"http://purl.org/muto/core#"
pro,"http://purl.org/hpi/patchr#"
func,"http://www.w3.org/2007/rif-builtin-function#"
omapi,"http://purl.org/omapi/0.2/#"
isbd,"http://iflastandards.info/ns/isbd/elements/"
rdamedia,"http://rdvocab.info/termList/RDAMediaType/"
ipad,"http://www.padinthecity.com/"
goef,"http://purl.org/twc/vocab/goef#"
tcga,"http://purl.org/tcga/core#"
vsw,"http://verticalsearchworks.com/ontology/"
wscaim,"http://www.openk.org/wscaim.owl#"
ospost,"http://data.ordnancesurvey.co.uk/ontology/postcode/"
xlink,"http://www.w3.org/1999/xlink/"
webbox,"http://webbox.ecs.soton.ac.uk/ns#"
tblcard,"http://www.w3.org/People/Berners-Lee/card#"
ends,"http://labs.mondeca.com/vocab/endpointStatus#"
pol,"http://escience.rpi.edu/ontology/semanteco/2/0/pollution.owl#"
puelia,"http://kwijibo.talis.com/vocabs/puelia#"
npg,"http://ns.nature.com/terms/"
rdacarrier,"http://rdvocab.info/termList/RDACarrierType/"
voidp,"http://www.enakting.org/provenance/voidp/"
geom,"http://geovocab.org/geometry#"
aerols,"http://xmlns.com/aerols/0.1/"
fise,"http://fise.iks-project.eu/ontology/"
metalex,"http://www.metalex.eu/metalex/2008-05-02#"
s2s,"http://escience.rpi.edu/ontology/sesf/s2s/2/0/"
cis,"http://purl.org/NET/cloudisus#"
prviv,"http://purl.org/net/provenance/integrity#"
lr,"http://linkedrecipes.org/schema/"
enhancer,"http://stanbol.apache.org/ontology/enhancer/enhancer#"
fl,"http://eulersharp.sourceforge.net/2003/03swap/fl-rules#"
lexvo,"http://lexvo.org/ontology#"
mohammad,"http://manesht.ir/"
poder,"http://poderopedia.com/vocab/"
rdagr1,"http://rdvocab.info/Elements/"
ssn,"http://www.w3.org/2005/Incubator/ssn/ssnx/ssn#"
vsr,"http://purl.org/twc/vocab/vsr#"
rda,"http://rdvocab.info/elements/"
carfo,"http://purl.org/carfo#"
open,"http://open.vocab.org/terms/"
marcrel,"http://id.loc.gov/vocabulary/relators/"
ogorg,"http://opengraph.org/schema/"
interval,"http://reference.data.gov.uk/def/intervals/"
google,""
scufl2,"http://ns.taverna.org.uk/2010/scufl2#"
life,"http://life.deri.ie/schema/"
pna,"http://data.press.net/ontology/asset/"
omv,"http://omv.ontoware.org/2005/05/ontology#"
ql,"http://www.w3.org/2004/ql#"
wbp,"http://worldbank.270a.info/property/"
xkos,"http://purl.org/linked-data/xkos#"
fls,"http://lukasblaho.sk/football_league_schema#"
hg,"http://www.holygoat.co.uk/owl/redwood/0.1/tags/"
wbc,"http://worldbank.270a.info/classification/"
rdrel,"http://rdvocab.info/RDARelationshipsWEMI/"
all,""
pne,"http://data.press.net/ontology/event/"
cogs,"http://vocab.deri.ie/cogs#"
lv,"http://lobid.org/vocab/lobid#"
cts2,"http://schema.omg.org/spec/CTS2/1.0/"
ncbitaxon,"http://purl.org/obo/owl/NCBITaxon#"
cerif,"http://spi-fm.uca.es/neologism/cerif#"
muni,"http://purl.org/ontology/muni#"
category,"http://dbpedia.org/resource/Category:"
pccz,"http://purl.org/procurement/public-contracts-czech#"
oboe,"http://ecoinformatics.org/oboe/oboe.1.0/oboe-core.owl#"
kupkb,"http://www.e-lico.eu/data/kupkb/"
lctr,"http://data.linkedct.org/vocab/resource/"
rec54,"http://www.w3.org/2001/02pd/rec54.rdf#"
vapour,"http://vapour.sourceforge.net/vocab.rdf#"
arg,"http://rdfs.org/sioc/argument#"
germplasm,"http://purl.org/germplasm/terms#"
pav,"http://purl.org/pav/"
marl,"http://purl.org/marl/ns#"
vsws,"http://verticalsearchworks.com/ontology/synset#"
cao,"http://purl.org/makolab/caont/"
sdgp,"http://stats.data-gov.ie/property/"
xml,""
oac,"http://www.openannotation.org/ns/"
pml,"http://provenanceweb.org/ns/pml#"
wkd,"http://schema.wolterskluwer.de/"
rdacontent,"http://rdvocab.info/termList/RDAContentType/"
npgd,"http://ns.nature.com/datasets/"
intervals,"http://reference.data.gov.uk/def/intervals/"
sitemap,""
npgg,"http://ns.nature.com/graphs/"
eumida,"http://data.kasabi.com/dataset/eumida/terms/"
dive,"http://scubadive.networld.to/dive.rdf#"
r4ta,"http://ns.inria.fr/ratio4ta/v1#"
prism21,"http://prismstandard.org/namespaces/basic/2.1/"
onssprel,"http://www.ordnancesurvey.co.uk/ontology/SpatialRelations/v0.2/SpatialRelations.owl#"
lemon,"http://www.monnet-project.eu/lemon#"
br,"http://purl.org/business-register#"
demiblog,""
fcm,"http://eulersharp.sourceforge.net/2006/02swap/fcm#"
mpeg7,"http://rhizomik.net/ontologies/2005/03/Mpeg7-2001.owl#"
dpl,"http://dbpedialite.org/things/"
porn,""
r2rml,"http://www.w3.org/ns/r2rml#"
pay,"http://purl.org/commerce/payment#"
no,"http://km.aifb.kit.edu/projects/numbers/number#"
ngeoi,"http://vocab.lenka.no/geo-deling#"
bif,""
review,""
blog,""
myprefix,"http://myprefix.org/"
aers,"http://aers.data2semantics.org/resource/"
admssw,"http://purl.org/adms/sw/"
rssynd,"http://web.resource.org/rss/1.0/modules/syndication/"
sgv,"http://www.w3.org/TR/SVG/"
set,"http://www.w3.org/2000/10/swap/set#"
okg,"http://openknowledgegraph.org/ontology/"
npgx,"http://ns.nature.com/extensions/"
tw,""
purl,""
dpbr,""
spif,"http://spinrdf.org/spif#"
rd,""
pr0n,""
wfprov,"http://purl.org/wf4ever/wfprov#"
foo,""
bp,"http://open-services.net/ns/basicProfile#"
anzo,""
person,""
flow,"http://www.w3.org/2005/01/wf/flow#"
html,""
osmsemnet,"http://spatial.ucd.ie/2012/08/osmsemnet/"
n3,""
trix,""
pkmn,"http://pokedex.dataincubator.org/pkm/"
term,""
abr,""
svg,""
index,""
likes,""
cml,""
mime,""
ftp,""
sql,""
xsi,""
meshr,""
type,""
owl2,""
sw,""
ge,""
dcmi,""
iso,""
foafgeo,""
ev,""
imgn,""
mailto,""
ttp,""
health,"http://purl.org/twc/health/vocab/"
hat,""
cl,""
opencyc,""
aowl,""
foa,""
fast,""
xbrl,""
map,""
sk,""
ol,""
veg,""
sf,""
nana,""
eswc,""
xh,""
isbn,""
kwiji,""
imdb,""
ow,""
mm,""
rfds,""
icaltzd,""
raw,""
ce,""
le,""
rdfss,""
lucene,""
loaf,""
comic,""
dd,""
ero,"http://purl.obolibrary.org/obo/"
rob,""
def,""
www,""
ruleml,""
rc,""
info,""
kwi,""
json,""
langware,""
soc,""
cios,""
vo,""
abstract,""
dbpedia2,""
terms,""
fo,""
xxx,""
fwfwef,""
dt,""
txt,""
resourc,""
bar,""
csv,""
sgae,""
nap,""
visit,""
rat,""
cmg,""
xslt,""
vcal,""
nid,""
dbont,""
sdf,""
town,""
food,""
revrevrevr,""
semsl,""
openvocab,""
ds,""
konfidi,""
trunk,""
voi,""
testx,""
pow,""
creator,""
aii,""
date,""
marcont,""
cme,""
extn,""
ter,""
dctitle,""
xpath,""
in,""
wolf,""
back,""
foafx,""
logan,""
x3d,""
river,""
mp3,""
cid,""
hello,""
near,""
yayo,""
lore,""
retail,""
double,""
fips,""
mb,""
scov,""
ai,""
clim,""
ianalink,""
ctags,""
bs,""
ini,""
turtle,""
tmdm,""
scoo,""
n3d,""
animal,""
erratic,""
gaul,""
xx,""
cw,""
load,""
wl,""
siocterms,""
isa,""
owlx,""
road,""
ofaf,""
randomqb,""
powd,""
skot,""
red,""
wgs84geo,""
dfsdf,""
powed,""
iana,""
xvh,""
sxsd,""
me,""
soic,""
wolfe,""
katherine,""
capital,""
dbc,""
sko,""
assert,""
dataview,""
nhie,""
weather,""
mathml,""
agrovoc,""
swn,""
b2r,""
company,""
project,""
xmlns,""
genea,"http://www.owl-ontologies.com/generations.owl#"
asn,"http://purl.org/ASN/schema/core/"
solcrux,""
resour,""
country,""
bioont,""
powe,""
xxxx,""
ax,""
cmd,""
vocab,""
did,""
city,""
dcty,""
kwijib,""
fgt,""
redf,""
world,""
xmlschema,""
swan,""
close,""
upm,""
syc,""
sdp,""
epx,""
eseduc,"http://www.purl.org/ontologia/eseduc#"
kontakthtt,""
lattes,""
delete,""
plain,""
xhtlm,""
resou,""
tom,""
dpb,""
range,""
image,""
usgovt,""
omim,""
bi,""
biopax,""
ianarel,""
lda,""
dii,""
homepage,""
examplethe,""
xmls,""
oegov,""
xlw,""
imd,""
xlwrap,""
wknl,""
locate,""
dbpo,""
frdf,""
friend,""
shortcut,""
iso2,""
cmf,""
geowgs84,""
olw,""
primi,""
scioc,""
wott,""
xht,""
xhtmlvoc,""
tegula,""
https,""
ttt,""
premis,""
owlk,""
van,""
config,""
sensor,""
school,""
revyu,""
ns0,""
foobar,""
crc,""
composite,""
mesh,""
picasa,""
language,""
rbib,""
ep,""
ns,""
eurostat,""
envinfo,""
apf,""
test5,""
dcc,""
wgs84pos,""
rss2,""
title,""
httpv,""
changeset,""
cmh,""
xst,""
claros,""
df,""
sbo,""
egov,""
laposte,"http://data.lirmm.fr/ontologies/laposte#"
discogs,""
linkeddata,""
test4,""
property,""
revy,""
orgrep,""
help,""
lexinfo,""
prefix,""
pw,""
salut,""
gpx,""
bm,""
works,""
cms,""
bea,""
singer,""
lic,""
mvcm,""
location,""
xasd,""
highway,""
svn,""
wn20,""
prvtype,""
virtrdf,""
knows,""
lmf,""
twitter,""
ec,""
skos2,""
test1,""
test3,""
please,""
stdm,""
photo,""
cd,""
jps,""
viaf,"http://viaf.org/ontology/1.1/#"
bbc,""
rdfschema,""
proton,""
cen,""
bne,"http://datos.bne.es/resource/"
dsp,"http://purl.org/metainfo/terms/dsp#"
powede,""
drop,""
longitude,""
education,""
suny,""
dp,""
fin,""
uf,""
sile,""
multi,""
agg,"http://purl.org/twc/health/vocab/aggregate/"
img,""
license,""
dis,""
rdfn3,""
sameas,""
sedfsd,""
dpr,""
jdl,""
pepe,""
latitude,""
pdf,""
comment,""
xmi,""
mil,""
sarest,""
dctypes,""
qs,""
pkm,""
ns13,""
pingback,""
mc,""
xoev,""
rs,""
wgc84,""
moi,""
compound,""
foafl,""
message,""
wang,""
faun,""
pim,""
author,""
scos,""
rsscontent,""
gov,""
hot,""
kd,""
mw,""
fbase,""
sos,""
arpfo,""
id,""
cap,""
osn,"http://spatial.ucd.ie/lod/osn/"
ani,""
stuff,""
fx,""
plays,""
misc,""
nba,""
nxu,""
dce,""
hm,""
nyse,""
de,""
tf,""
rdl,""
annot,""
rddf,""
vc,""
dg,""
sub,""
humans,""
artist,""
foafrdf,""
class,""
seealso,""
skso,""
dbpr,""
email,""
skkos,""
silefs,""
asa,""
workflow,""
vid,""
inter,""
sprache,""
wam,""
dublincore,""
fred,""
swap,""
testa,""
helloworld,""
shk,""
mtag,""
lod,""
zhuoerwang,""
dolce,""
patch,""
xdt,""
occult,""
genre,""
rm,""
csd,""
vevent,""
mov,""
httpe,""
opoactions,""
riese,""
aat,""
gdf,""
course,""
rdfsns,""
wpen,""
bookmashup,""
genesis,""
amsterdam,""
symantec,""
n0pred,""
ddms,""
icalzdt,""
pdb,""
wi,""
rdffs,""
smw,""
dcterrms,""
asdf,""
mrdl,""
state,""
sprint,""
talis,""
acita,""
mass,""
dq,""
acronym,""
foafperson,""
calendar,""
pt,""
friends,""
people,""
icaltz,""
sumo,""
css,""
ime,""
swarch,""
causation,""
reds,""
dfs,""
skis,""
wtf,""
lol,""
semsna,""
dfdfsdf,""
pubchem,""
micha1,""
noexiste,""
foad,""
neo,""
annotea,""
computer,""
doa,""
tp,""
vivoweb,""
rico,""
swrcext,""
iqv,""
foaf55,""
skod,""
rrr,""
contac,""
isct,""
eowl,""
jeromedl,""
chess,""
ccc,""
fs,""
libary,""
sex,""
cabig,""
virt,""
ss,""
snomed,""
smith,""
foafopm,""
same,""
baetle,""
fr,""
cern,""
sfc,""
webarch,""
stats,""
wk,""
ordnance,""
obi,""
scoville,""
msg,""
foafnew,""
rds,""
energy,""
remusz,""
exif2000,""
papi,""
socialml,""
astronomy,""
research,""
ssv,""
icom,""
dbpres,""
bibocto,""
point,""
beer,""
stat,""
dcte,""
du,""
dpedia,""
uns,""
anc,""
zxd,""
larkc,""
xmp,""
artsdb,""
wa,""
sxd,""
naptan,""
hmedia,""
sarkozy,""
translate,""
hom,""
call,""
aboutindex,""
simile,""
gem,""
blah,""
booo,""
scada,""
pred,""
hevent,""
chem,""
dm,""
ei,""
price,""
as,""
scr,""
gtbnkgh,""
m3o,""
ast,""
contains,""
student,""
tweet,""
rate,""
mega,""
uberblic,""
file,""
pronto,""
related,""
vcarddc11,""
dcindex,""
owltime,""
wiki,""
huh,""
dbproperty,""
mmi,""
court,""
color,""
semic,""
yyzhou,""
vigilance,""
cidoc,""
geop,""
dso,""
nw,""
bioportal,""
voc,""
parent,""
youtube,""
flash,""
ens,"http://models.okkam.org/ENS-core-vocabulary.owl#"
thalia,""
pront,""
ho,""
doaml,""
commontag,""
micha,""
col,""
store,""
nofollow,""
tekniker,""
kdsna,""
rares,""
loasd,""
otn,""
bex,""
orgf,""
proj,""
geoname,""
swoogle,""
dctt,""
spac,""
ymedia,""
hdp,""
sfo,""
que,""
rubric,""
ogov,""
graph,""
theater,""
fdiez,""
gx,""
gpxx,""
wsb,""
encoding,""
icalzd,""
pb,""
pub,""
upf,""
vi,""
goes,""
markytka,""
biomed,""
wsg,""
wsg84,""
news,""
ltool,""
foafs,""
rsfs,""
popula,""
steven,""
top,""
tengwar,""
vehicle,""
dpd,""
uduvudu,""
xquery,""
eventws,""
vm,""
up,""
copac,""
omdoc,""
dbedia,""
intelweb,""
libris,""
science,""
sct,""
colour,""
rgi,""
law,""
iso8601,""
ecademy,""
weblog,""
saop,""
antisocial,""
domain,""
centi,""
icaldtz,""
rdfcal,""
species,""
dcic,""
perfix,""
weblab,""
holiday,""
dop,""
eon,""
cb,""
fdsfdsfdsf,""
chile,""
history,""
genid,""
midpoint,""
weavej3,""
data,""
titanic,""
festival,""
pm,""
nntp,""
freebsd,""
autho,""
myns,""
localhost,""
asdfasdf,""
flashvideo,""
abou,""
rng,""
fd,""
dbin,""
begin,""
datacube,""
aaa,""
chemistry,""
leo,""
instances,""
sip,""
niew,""
swrltab,""
fao,""
labels,""
dbponto,""
mail,""
mid,""
om,""
viskos,""
access,""
xsdanyurl,""
airports,""
h323,""
xxxlxxx,""
ny,""
man,""
musician,""
gi,""
devi,""
iris,""
dataub,""
pubmed,""
sioctype,""
facebook,""
doapn3,""
elements,""
gexf,""
foadsdf,""
dav,""
vum,""
im,""
msrp,""
nfs,""
opvm,""
esg,""
javam,""
afs,""
rtsp,""
idobj,""
spatialrel,""
word,""
eo,""
biz,""
chojnice,""
xsdl,""
spleen,""
mrf,""
dctersm,""
dppedia,""
sweet,""
machine,""
dim,""
acap,""
shttp,""
voiud,""
rq,""
edf,""
politicio,""
atcult,""
nurse,""
sociopath,""
mailserver,""
esgf,""
mets,""
med,""
localhos,""
ls,""
lhttp,""
htp,""
ldow,""
site,""
born,""
expensive,""
fdsgsagdsa,""
lo,""
dbonto,""
intersects,""
unintended,""
sioooc,""
gs,""
phone,""
telnet,""
wim,""
wgss,""
resume,""
n3s,""
member,""
vfddadasd,""
iptc,""
forename,""
service,""
geos,""
fax,""
pop,""
qd,""
url,""
move,""
nyt,""
dbrec,""
swe,""
jena,""
usbill,""
print,""
sawp,""
facility,""
wine,""
topo,""
hobby,""
vacrd,""
nex,""
bkz,""
vf,""
ns1,""
nasa,""
trin,""
ab,""
goog,""
pmc,""
aaas,""
dec,""
linkedc,""
somestuff,""
privacy,""
dcelements,""
politic,""
guitar,""
snap,""
dc10,""
admire,""
crmo,""
kiss,""
rdflabel,""
put,""
wrds,""
dbtropes,""
landsat,""
ynews,""
cieux,""
dictonary,""
ff,""
tel,""
website,""
sdmxcode,""
spec,""
question,""
subject,""
si,""
yhttp,""
respect,""
faof,""
onto,""
xtype,""
msd,""
cluug,""
geometry,""
mobisem,""
books,""
ssg,""
opengraph,""
dci,""
sst,""
synopsis,""
hotel,""
modem,""
tftp,""
sns,""
rdfgeom2d,""
biography,""
protont,""
quote,""
api,""
udc,""
any,""
rpl,""
magic,""
mui,""
aco,""
landmap,""
localho,""
sxml,""
page,""
group,""
lfs,""
app,""
olap,""
pack,""
gopher,""
mupdate,""
fafag,""
woo,""
nlp,""
lon,""
ful,""
year,""
loco,""
eot,""
rdms,""
universe,""
trt,""
cancer,""
ueberblic,""
ncbi,""
joenash,""
lives,""
crid,""
dnrdf,""
inrdf,""
ddi,""
similarity,""
area,""
see,""
uefa,""
datatype,""
en,""
eont,""
deep,""
census,""
geod,""
gi2mo,""
bpm,""
task,""
asd,""
aca,""
lcsh,""
satellite,""
thea,""
lud,""
bench,""
election,""
wrd,""
meeting,""
epa,""
dcelement,""
child,""
ankara,""
pres,""
ns19,""
playlist,""
rdsf,""
trust,""
foat,""
album,""
dbpediao,""
x509,""
pode,""
dces,""
madeup,""
jonlittler,""
add,""
lgdp,""
ofx,""
foag,""
position,""
imap,""
ipp,""
snmp,""
tip,""
be,""
adobe,""
ubmed,""
auth,""
dpo,""
smo,""
doi,""
lice,""
darn,""
acd,""
apsd,""
imam,""
dcerms,""
to,""
eur,""
agua,""
ucum,""
bfo,""
vracore4,""
wmd,""
xoxo,""
grrrrr,""
wsdl,""
jamendo,""
uco,"http://purl.org/uco/ns#"
whp,""
dvminh,""
scala,""
publisher,""
sensorml,""
sqwrl,""
isoco,""
lookatme,""
lct,""
caltzd,""
llomp,""
stream,""
remu,""
nikon,""
probos,""
bitcache,""
haus,""
cpr,""
testb,""
vfd,""
skow,""
dbpont,""
dublin,""
olb,""
arisem,""
ra,""
agh,""
lls,""
film,""
grammar,""
fiaf,""
dao,""
ll,""
mou,""
dns,""
icap,""
msrps,""
foar,""
relate,""
rfd,""
alocom,""
translator,""
partof,""
op,""
properties,""
mea,""
atm,""
dcs,""
interest,""
ordsurvey,""
ginseng,""
feigenbaum,""
scio,""
love,""
philo,""
efoaf,""
podcast,""
flu,""
slos,""
fv,""
javap,""
var,""
dict,""
mtqp,""
sips,""
long,""
cmn,""
env,""
coke,""
somelong,""
evon,""
inf,""
trans,""
guy,""
ar,""
biology,""
siocoo,""
orf,""
dddd,""
srgs,""
genabnor,""
genome,""
amazon,""
qif,""
socio,""
invoice,""
default95,""
kennedy,""
dictionary,""
monthof,""
hhttp,""
meal,""
wcard,""
linuxcnc,""
layar,""
diligent,""
sysong,""
job,""
tv,""
vegetarian,""
knowsfoaf,""
politics,""
dbdprop,""
cas,""
foafrdfs,""
bc,""
osmp,""
dbt,""
davfoaf,""
doofi,""
webtla,""
tc,""
elect,""
chefmoz,""
ldfs,""
zemanta,""
linkmdb,""
goe,""
snews,""
videotex,""
format,""
owlsa,""
hilbrink,""
greater,""
letter,""
conference,""
collect,""
mag,""
zitgist,""
director,""
metric,""
dbpaedia,""
adress,""
loca,""
swrlx,""
gaf,""
bbcevent,""
portal,""
vra,""
rfdf,""
mbox,""
leclaque,""
ramon,""
locah,""
vemmi,""
xmpp,""
ebucore,""
element,""
atomrdf,"http://atomowl.org/ontologies/atomrdf#"
kjhaskdj,""
babu,""
siocs,""
arrabal,""
ess,""
local,""
scp,""
sale,""
ibsen,""
ld,""
vracoire,""
hgtags,""
equipment,""
bo,""
prospero,""
osagosag,""
disco,"http://vocab.ddialliance.org/discovery#"
aersv,"http://aers.data2semantics.org/vocab/"
lex,"http://purl.org/lex#"
groundhog,""
hggg,""
reread,""
xmdr,""
uberbilc,""
rdfakt,""
nif,""
anoe,""
ngd,""
iax,""
gnrdf,""
reo,""
aisso,""
hgnc,"http://bio2rdf.org/hgnc:"
w3po,"http://purl.org/provenance#"
pti,""
synonym,""
pod,""
docom,""
htt,""
surinam,""
jdijd,""
gui,""
tn3270,""
wais,""
sg,""
akfkafk,""
vis,""
dqm,""
incubator,""
fm,""
john,""
integerate,""
vchar,""
titlerdfs,""
recof,""
aktor,""
gtag,""
krextor,""
mfu,""
geographic,""
scourt,""
patterm,""
ukpmc,""
xls,""
dtn,""
gw,""
gene,""
disclaimer,""
refinder,""
osm,""
rpa,""
gre,""
vracore,""
jo,""
vt,""
gwn,""
dcr,""
scout,""
tree,""
dimension,""
gf,""
reddco,""
lrdfs,""
rdforms,""
dish,""
datacenter,""
pharmgkb,""
accounting,""
syson,""
anti,""
falcons,""
httprdf,""
robot,""
node,""
exist,""
base,""
yago2,""
pnd,""
msm,""
aboutus,""
post,""
ffff,""
jobs,""
about3721,""
ffoaf,""
subclass,""
business,""
india,""
uuid,""
un,""
birthday,""
mediation,""
onix,""
xalan,""
rn,""
aboutme,""
prop,""
grounding,""
gsp,""
update,""
sysonf,""
heo,""
statistics,""
travel,""
dcn3,""
dahut,""
rhttp,""
nbrdf,""
ridicule,""
boag,""
scam,""
patchr,""
trou,""
ldbpprop,""
dssn,""
edu,""
oslc,""
gephi,""
ext,""
wsmo,""
bio2,""
lab,""
sajib,""
dub,""
esdt,""
topic,""
mview,""
sdsads,""
javapr,""
copmv,""
ssb,""
ontom,""
prefecture,""
cat,""
pa,""
mods,""
tyhttp,""
nrdf,""
gok,""
pizza,""
gggg,""
odmrd,""
dbped,""
yag,""
part,""
movi,""
rdvocab,""
pwl,""
abo,""
per,""
nao301,""
my,""
stw,""
tagging,""
periodic,""
emotion,""
vehicles,""
titech,""
src,""
w3c,""
the,""
seshu,""
sico,""
programmes,""
ogc,""
lov,""
grdf,""
srf,""
skoss,""
dbowl,""
dbpedi,""
dbpe,""
identifier,""
fby,""
lin,""
microsoft,""
tpl,""
vcasrd,""
rdagr2,""
tisc,""
geospatial,""
alksdjf,""
geontology,""
design,""
expo,""
oarj,"http://opendepot.org/reference/linked/1.0/"
oan,""
face,""
wol,""
ara,""
fabric,""
mebase,""
age,""
zs,""
skype,""
nprov,""
typhttp,""
typehttp,""
flickr,""
drdf,""
irdf,""
soydan,""
haha,""
esra,""
sskoss,""
spatila,""
swivf,""
owms,""
dcternms,""
textgrid,""
xd,""
scoma,""
faq,""
sports,""
supra,""
qutd,""
targethttp,""
som,""
soton,""
impressum,""
foaflobid,""
abl,""
addr,""
revision,""
own,""
dfsdkfjshd,""
lat,""
mdv,""
hcal,""
gumo,""
dbpdia2,""
max,""
ebugs,""
afdsafasf,""
cdwa,""
mads,""
idiom,""
dnbrdf,""
infrdf,""
infordf,""
sgu,""
rdfvocab,""
gokhan,""
cnn,""
aid,""
iwf,""
maus,""
dbpedoa,""
page3,""
noticias,""
gallery,""
origen,""
destinty,""
page1,""
dioc,""
sws,""
htstha,""
side,""
scsp,""
hthttp,""
vacancy,""
tron,""
register,""
st,""
esi,""
gaestebuch,""
curie,""
cia,""
dbpcat,""
kedct,""
transport,""
personne,""
dtc,""
recipes,""
tr,""
rdlabel,""
ru,""
timeline71,""
geo2661,""
popular,""
concept,""
amoi,""
projects,""
sesoa,""
calbc,""
scho,""
wsg64,""
breast,""
exf,""
svu,""
civc,""
thesaurus,""
bcodmo,""
bro,""
pur,""
program,""
cz,""
rdhttp,""
rdfhttp,""
httrdf,""
mdr,""
tdcat,""
xsf,""
medical,""
pegi,""
sam,""
dtyp,""
opms,""
strin,""
scm,""
pets,""
trip,""
lan,""
page26,""
entrez,""
biocarta,""
page2,""
lmap,""
oel,""
github,""
frbroo,""
nicetag,""
targhttp,""
ags,""
rss10,""
sy,""
zbw,""
stts,""
deri,""
ospc,""
naoo,""
device,""
erawr,""
rdfslabel,""
cxh,""
lgdr,""
nice,""
mda,""
dsi,""
shos,""
university,""
regi,""
ckan,""
currency,""
rfs,""
xaml,""
js,""
bl,""
boe,""
rad,""
sinfo,""
keg,""
crowd,""
bef,""
xkcd,""
osspatial,""
provo,""
tax,""
bookstore,""
rlabel,""
hard71,""
geo681,""
ischema,""
dbg,""
esdp,""
gno,""
bisness,""
ln,""
um,""
rdfrdfs,""
lido,""
dctemrs,""
hrdf,""
htrdf,""
gndrdf,""
dcmiterm,""
voem,""
ralph,""
text,""
sem,""
technology,""
skios,""
topology,""
cdtype,""
table,""
tour,""
ppn,""
esperanto,""
orboro,""
nyx,""
tourist,""
storm,""
feature,""
z3986,""
page25,""
page9,""
hure,""
pers,""
myx,""
obituaries,""
recepice,""
gop,""
rda2,""
oof,""
apple,""
targehttp,""
tarhttp,""
locatedin,""
tiger,""
sihhkjhkj,""
learning,""
eam,""
result,""
shop,""
als,""
brainz,""
sapce,""
edct,""
sorg,""
aksw,""
owlsw,""
foaf1,""
metadata,""
iso19115,""
siocc,""
lookup,""
calais,""
omgeo,""
doid,""
neurolex,""
nerd,""
foef,""
toto,""
payments,""
cool,""
usdl,""
bq,""
police,""
source,""
dqr,""
hier,""
cofog,""
r101,""
govt,""
musoc,""
dsw,""
adms,""
academic,""
article,""
th,""
thttp,""
gsoydan,""
dom,""
util,""
xdmp,""
sskos,""
xfoaf,""
tg,""
goodwin,""
xdas,""
webid,""
ja,""
drf,""
opmvcommon,""
hsyjsyjsy,""
restaurant,""
opinions,""
por,""
blp,""
marine,""
links,""
dbpediaow,""
agris,""
ontology,""
venn,""
y1ttp,""
an,""
mobile,""
object,""
libro,""
truc,""
nmm,""
nemo,""
fts,""
serv,""
edamo,""
doop,""
asset,""
it,""
physics,""
wlan,""
affiliate,""
login,""
oly,""
process,""
mbz,""
mlst,""
waiver,""
launch,""
integer,""
geon,""
geont,""
geonto,""
geontol,""
ago,""
reliant,""
ect,""
blumauer,""
dcterns,""
mimetypes,""
reegle,""
md,""
svf,""
ossr,""
sioo,""
logd,""
planet,""
lexo,""
nearby,""
licence,""
dists,""
zsh,""
rdgf,""
display,""
temporal,""
ikke,""
eclass,""
mms,""
uci,""
xslfo,""
skxl,""
tpc,""
tiff,""
bla,""
foafdct,""
rulez,""
kos,""
siocaccess,""
siocacs,""
receipt,""
npo,""
seemp,""
pointer,""
skb,""
ptn,""
eng,""
csb,""
ont,""
ulb,""
software,""
adsf,""
sno,""
slowfood,""
soupa,""
prim,""
ud,""
pco,""
niem,""
sid,""
bmo,""
judo,""
typon,""
ontoware,""
mgl,""
exactly,""
lb,""
p2071,""
p3p71,""
entityhub,""
team,""
nodes,""
xp,""
rdfds,""
dde,""
das,""
stos,""
sdb,""
grr,""
grrr,""
voap,""
vaep,""
archive,""
restdesc,""
acal,""
qallme,""
gala,""
home,""
page24,""
fofa,""
decterms,""
esports,""
xrdf,""
dsdmx,""
hiper,""
fop,""
osp,""
function,""
wb,""
of,""
tt,""
endhttp,""
enhttp,""
ehttp,""
tahttp,""
httphttp,""
htthttp,""
diff,""
scobvo,""
multext,""
edmo,""
hcls,""
ols,""
sequence,""
newsletter,""
mlr,""
owll,""
royalvegas,""
mygridmoby,""
offo,""
aa,""
trons,""
family,""
owlp,""
wgs94,""
siocac,""
vocabulary,""
vb,""
affymetrix,""
geontolo,""
refs,""
dulce,""
pic,""
ego,""
afraid,""
historic,""
nkedct,""
ts,""
auto,""
drvocab,""
calandar,""
tso,""
subclassof,""
punkt,""
friar,""
placs,""
foaf2,""
crpt,""
bitcoin,""
mpeg,""
pnc,""
faxcore,""
even,""
sparqlhttp,""
computers,""
twr,""
rcc8,""
utm,""
lubm,""
jkc,""
exc,""
mlo,""
xcri,""
sro,""
cities,""
jt,""
viod,""
vin,""
emplyer,""
sadiont,""
photordf,""
fdfs,""
parl,""
skosx,""
xskos,""
kwa,""
wgs908,""
rescon,""
foan,""
suff,""
xsd2,""
dbpediaont,""
rdsfs,""
rsql,""
towel,""
bug,""
skill,""
fma3,""
el,""
measure,""
wn30,""
error,""
wn16,""
dbtune,""
pv,""
openk,""
medicare,""
cylon,""
nto,""
sccb,""
scc,""
tgn,""
f8,""
knos,""
enuis,""
dgp32,""
programme,""
government,""
led,""
reve,""
ufo,""
cheese,""
wwf,""
docs,""
dados,""
opening,""
rb,""
twcid,""
polla,""
nsl,""
provenance,""
lanng,""
soa,""
schemaorg,""
traffic,""
semint,""
top100,""
non,""
duration,""
srcsp,""
geosparql,""
frad,""
srtag,""
nho,""
has,""
licya,""
spatrel,""
qu,""
frbr71,""
dco,""
skosrdfs,""
gps,""
adfasdf,""
kac,""
rss20,""
xiz,""
nxp,""
readme,""
wikilink,""
dcl,""
page7,""
xi,""
acti,""
polygon,""
examp,""
sau,""
gprog,""
tgp,""
geostat,""
uto,""
times,""
databases,""
database,""
relational,""
xrg,""
whisky,""
whiskey,""
tx,""
lms,""
kegg,""
univ,""
dogont,""
gbowl,""
inkedct,""
calandat,""
iri,""
csp,""
posm,""
oowl,""
edgar,""
pext,""
dvt,""
pnt,""
bcntransp,""
pbcore,""
xlt,""
paw,""
xlp,""
teacher,""
asturias,""
err,""
ouilyktjhg,""
pad,""
dcm,""
rosm,""
employer,""
freeclass,""
eclassowl,""
datavoc,""
bibi,""
uv,""
xmprights,""
cycl,""
ccd,""
bibio,""
ctagm,""
airp,""
cust,""
wgs804,""
lingvoh,""
vw,""
infy,""
evnt,""
ergo,""
reso,""
pointers,""
change,""
mirko,""
sfn,""
hassan,""
cy,""
dol,""
bus,""
prt,""
webb,""
ntag,""
bcc,""
brdf,""
hardware,""
mx,""
cupidon,""
covrigi,""
swot,""
xsp,""
ocube,""
avio,""
breakfast,""
italia,""
owlapi,""
kasabi,""
ns3,""
cad,""
msg0,""
look,""
iden,""
rdfatom,""
dbppro,""
transna,""
topconcept,""
padfile,""
factforge,""
pref,""
al,""
distance,""
dbres,""
ekos,""
ciu,""
gtalk,""
redfs,""
wg84,""
bestbuy,""
sprel,""
vk,""
cimom,""
opc,""
fghyrrrr,""
erlangen,""
jun,""
poi,""
eth,""
attribute,""
reactome,""
pathway,""
disability,""
fear,""
fbml,""
budget,""
ign,""
w3,""
ecbstats,""
expense,""
sdghcg,""
rdfffff,""
yao,""
tourexp,""
marc21,""
edns,""
swo,""
iso3166,""
hdt,""
az,""
ese,""
ssnx,""
uml,""
rank,""
prolog,""
grd,""
prvfiles,""
kdo,""
sa,""
su,""
oa,""
loted,""
ien,""
acces,""
download,""
iso639,""
ucumunit,""
locn,""
php,""
areal,""
uvr,""
meida,""
nndsr71,""
remote,""
powder311,""
infodat,""
gho,""
bloo,""
pdrugbank,""
dxsd,""
mns,""
analyzis,""
moa,""
nam,""
vector,""
preif,""
size,""
pattern,""
taxon,""
sparqlres,""
wifi,""
determs,""
gob2r,""
genont,""
geontolog,""
sdd,""
dbk,""
bibilo,""
tna,""
reeglee,""
stri,""
bcnleg,""
online,""
fooaf,""
iso639a2,""
jabberd,""
jsp,""
azd,""
dctermrs,""
residence,""
spre,""
odc,""
meeing,""
test123,""
janus,""
adminge,""
kk,""
sxl,""
foafisbd,""
gandhi,""
rlz,""
found,""
bounce,""
geors,""
urc,""
dawg,""
foafgml,""
sun,""
cgo,""
cursi,""
mec,""
dbml,""
floss,""
coche,""
uvn,""
foaff,""
osgeo,""
uk,""
ieee,""
oxp,""
gwas,""
dei,""
cites,""
plus,""
argot,""
spso,""
jmv,""
inria,""
route,""
dbresource,""
viso,""
marcxml,""
marc,""
tegs,""
bb,""
callto,""
sms,""
subtype,""
iosbd,""
int,""
datafqs,""
osi,""
cka,""
snomedct,""
bike,""
cadarn,""
cim,""
skossparql,""
dbsnp,""
gwp,""
oagis,""
role,""
roles,""
iso159262,""
chm,""
rdfmao,""
commercew,""
gomez,""
rent,""
sao,""
orphanet,""
iati,""
kupo,""
rvoid,""
furmiture,""
rawmat,""
fvoid,""
ketut,""
marker,""
olcd,""
dbol,""
reating,""
catalog,""
ed,""
refarea,""
fbk,""
socamn3,""
socam,""
sdo,""
kunnat,""
t2flow,""
mt,""
mondial,""
do,""
logistic,""
ae,""
mdl,""
discipline,""
ipam,""
attrib,""
smail,""
nm,""
vswp,""
ews,""
dvo,""
starttime,""
mg,""
strategies,""
sch,""
pni,""
gay,""
nc,""
lau,""
skovo,""
forge,""
geography,""
feed,""
sz,""
expath,""
ag,""
wbd,""
wbfd,""
ootb,""
bmx,""
viscube,""
damnl,""
user71,""
rpg,""
ldif,""
o2,""
owel,""
com71,""
fben,""
opme,""
dcter,""
rdagr,""
asdfadfasf,""
death,""
pico,""
aydos,""
dbpemeshr,""
rdfsank,""
typet,""
gh,""
demography,""
train,""
nms,""
drugban,""
drugba,""
drugb,""
dru,""
dr,""
opencalais,""
ebu,""
vect,""
football,""
about,""
guild,""
jsf,""
html5,""
bcnbioleg,""
dbpro,""
contrary,""
gooddata,""
dmoz,""
csbc,""
ccs,""
pito,""
infoiasi,""
cidoccrm,""
hotels,""
ggl,""
complang,""
maniac,""
gvcard,""
wgs83,""
datafq,""
gengui,""
locgov,""
sap,""
relation,""
spdy,""
spotify,""
exalemp,""
hallo,""
rdy,""
vios,""
mmosa,""
iso15926,""
icaltzid,""
junct,""
junc,""
rdfmap,""
ipads,""
dfki,""
anep,""
joe,""
debpedia,""
faf,""
count,""
ded,""
jf,""
pao,""
ebay,""
xxd,""
bdpedia,""
sdfgsd,""
geofla,""
swanrel,""
steelcase,""
va,""
doinowl,""
sdtm,""
fgteedc,""
tns,""
tms,""
render,""
di,""
workswith,""
psys,""
eures,""
competitio,""
located,""
decision,""
admitted,""
issues,""
mdt,""
envo,""
arc,""
iso6392,""
rqb,""
indiaa,""
gratis,""
ldapi,""
git,""
cvs,""
rinkan,""
iscity,""
pin,""
ccmbg,""
dcprop,""
hvor,""
snv,""
land,""
dsioc,""
smil,""
thes,""
janze,""
bcn,""
ges,""
uvc,""
scor,""
cf,""
dia,""
diavg,""
diavge,""
diavgei,""
shit,""
wsperson,""
scoc,""
wac,""
foaf101,""
wd,""
heml,""
opmo,""
juan,""
rdffile,""
owk,""
finance,""
idat,""
gnf,""
rdrelrdrel,""
horst,""
eurovoc,""
modified,""
uid,""
fco,""
frap,""
blo,""
practical,""
cdisc,""
proto,""
sn,""
schmema,""
epterms,""
degois,""
created,""
aeo,""
hr,""
foqf,""
mart,""
rgn,""
region,""
demo,""
special,""
ka,""
know,""
occupation,""
radion,""
ite,""
hashecs,""
token,""
pmid,""
sdrugbank,""
dragro,""
resilience,""
action,""
cpanel,""
cellus,""
dex,""
biolod,""
mpub,""
gender,""
ydrugbank,""
lexivo,""
xmnls,""
pre,""
employee,""
ns7,""
ciph,""
gooddate,""
cion,""
ida,""
cnid,""
hrc,""
swa,""
allie,""
furniture,""
phenonet,""
dw,""
brrge,""
brreg,""
jp,""
da,""
colorspace,""
rdv,""
vocabs,""
updates,""
diferent,""
foalocf,""
agnt,""
path,""
klo,""
dataset,""
conversin,""
diav,""
diavgeia,""
szotten,""
maf,""
import,""
stories,""
geonmaes,""
ontogeo,""
bco,""
scl,""
infodata,""
idata,""
europe,""
cta,""
foredrelaf,""
redrel,""
hnaa,""
dnb,""
uniclass,""
filename,""
guo,""
att,""
rdavocab,""
gro,""
koc,""
ub,""
radatana,""
aws,""
em,""
masta,""
oboecore,""
tmp,""
ur,""
argument,""
bruno,""
citizen,""
biotop,""
pippo,""
collection,""
ead,""
ghsrthydt,""
wkpedia,""
dbmedia,""
ddd,""
ppmo,""
novel,""
euraxess,""
tenant,""
lccn,""
religion,""
scolom,""
slom,""
owmeshr,""
owlmeshr,""
rddrugbank,""
rdfsk,""
gbank,""
spatialr,""
dpll,""
dterm,""
akomantoso,""
cea,""
ifc,""
ask,""
hotspots,""
mfg,""
skosxk,""
aemet,""
dbbpedia,""
pet,""
security,""
activity,""
umbl,""
xodx,""
deb,""
repo,""
bowdnntcz,""
iirbbhyh,""
foafp,""
yrdf,""
skdrugbank,""
la,""
labe,""
youtob,""
protonext,""
enakting,""
bz,""
bugzilla,""
cm,""
prospect,""
wish,""
ssd,""
boo,""
prel,""
sadi,""
reg,""
na,""
mediatype,""
sandeep,""
amo,""
social,""
ets,""
nanopub,""
scms,""
lod2prov,""
s4ax,""
vec,""
xml2,""
scinets,""
geolat,""
tipjar,""
orca,""
null,""
context,""
foafpowder,""
metalatex,""
rdls,""
oi,""
uac,""
ocre,""
msh,""
lexevo,""
calc,""
dasdfadsfc,""
exterms,""
glont,""
ns8,""
ccpp,""
cou,""
opl,""
regular,""
dboedia,""
nick,""
occ,""
gg,""
maintain,""
withdraw,""
asdfadsf,""
dtp,""
anf,""
polic,""
pupp,""
owner,""
doad,""
humain,""
document,""
meducator,""
generation,""
kilo,""
apt,""
lscom,""
fea,""
yyttrrddcx,""
ccns,""
tdfs,""
wkoedia,""
free,""
novels,""
frbrc,""
hosp,""
slo,""
dewey,""
rfoaf,""
ovoc,""
dmeshr,""
dbmeshr,""
rdrugbank,""
rdfsnk,""
rugbank,""
ugbank,""
bank,""
ank,""
nk,""
dterms,""
labelhttp,""
bnf,""
akoma,""
climate,""
var1rdf,""
building,""
oxpoints,""
version,""
changelog,""
virtuemart,""
pla,""
gsol,""
dmci,""
museum,""
ned,""
siocfoaf,""
spdx,""
swcs,""
swrs,""
videont,""
ecrm,""
rdss,""
ydc,""
pff,""
cornetto,""
ffffff,""
igdo,""
vco,""
foafdc,""
spf,""
dcelem,""
isig,""
patient,""
consumo,""
wed,""
ghodata,""
pgr,""
brid,""
tac,""
obouberon,""
ile,""
dgu,""
ouco,""
puco,""
rojas,""
conomun,""
admingo,""
neogeo,""
quest,""
stahub,""
bift,""
boprasldal,""
glottlog,""
wn20s,""
geof,""
ifla,""
akos,""
actor,""
populair,""
dolmen,""
mycool,""
devices,""
srs,""
hastag,""
umls,""
pd,""
seebi,""
rov,""
e,""
vidont,""
twit,""
epistem,""
apazcqpsmf,""
itsrdf,""
value,""
exercise,""
dcx,""
lod2proc,""
yo,""
length,""
scip,""
seas,""
wurst,""
cn,""
basic,""
ocse,""
schmea,""
wwe,""
eec,""
uia,""
emf,""
veterinary,""
xrdfs,""
inndeling,""
entry,""
wf4ever,""
wedding,""
namespace,""
qbjs,""
openimpact,""
issue,""
defect,""
itunes,""
pceu,""
atompub,""
hy,""
hybrid,""
yahoo,""
ookook,""
uberon,""
owlrdfs,""
tfs,""
utility,""
wbld,""
jd,""
sbb,""
architect,""
soccer,""
scube,""
fy,""
efn,""
oxford,""
senti,""
sentinet,""
sentiword,""
nazi,""
audit,""
gis,""
survey,""
creater,""
erp,""
mar,""
dbpowl,""
coun,""
bit,""
tprov,""
dcatfoaf,""
ripple,""
frber,""
lod2p,""
bpel,""
owlt,""
opta,""
yesterday,""
float,""
swiftowlim,""
didl,""
profile,""
lg,""
ietf,""
birth,""
argus,""
cars,""
montclair,""
abbr,""
horoscopes,""
warriors,""
golf,""
lottery,""
promotion,""
poli,""
newark,""
editorial,""
ddisc,""
services,""
lexovo,""
hotjobs,""
scrum,""
regorg,""
rorg,""
u,""
m,""
reverse,""
latest,""
olodac,""
oai,""
foafmailto,""
lcs,""
datapedia,""
bidon,""
blterms,""
redcterms,""
abbre,""
blogs,""
sdfgdfg,""
disulflid,""
dob,""
owrc,""
subscribe,""
holst,""
ids,""
other,""
owlfoaf,""
cso,""
raiders,""
athletics,""
berkeley,""
hayward,""
ddid,""
ddis,""
fremont,""
california,""
hpsg,""
scoreboard,""
oakland,""
sharks,""
alameda,""
opinion,""
giants,""
piedmont,""
letters,""
talkback,""
albany,""
columns,""
cooking,""
car,""
plant,""
planttype,""
w3pglue,""
fg,""
regord,""
reor,""
rego,""
ror,""
gtfs,""
share,""
noa,""
public,""
inst,""
od,""
sioce,""
ondoc,""
yso,""
onki,""
xnd,""
ii,""
dcndl,""
ndl,""
kmm,""
movies,""
birthdate,""
scrapboo,""
oh,""
actors,""
calendat,""
annotation,""
rdvicab,""
sviwi,""
b2bo,""
president,""
frbrifla,""
frbrer,""
dm2e,""